nomor;perihal;tgl_surat;user;ruangan
900/29.895/303/2019;Perubahan III Atas Keputusan Direktur RSUD dr.Soedono Madiun Nomor 900/34.600/303/2018;27/09/2019;NULL;NULL
900/25.788/303/2019;Pedoman Permintaan, Penyiapan, Dan Pemberian Sediaan Farmasi, Alat Kesehatan, Dan Bahan Medis Habis Pakai Untuk Pasien Rawat Inap RSUD dr.Soedono Madi;01/09/2019;NULL;NULL
445/22.543/303/2019;Perubahan Tim Paduan Suara RSUD dr.Soedono Madiun;02/08/2019;NULL;NULL
900/19.204/303/2019;Besaran Hadiah Yang Diterima Karyawan/Karyawati Pemenang Kejuaraan Dalam Rangka Memperingati HUT RI Ke 74 Tahun 2019 RSUD dr.Soedono Madiun;03/07/2019;Dian;NULL
820/18.863/303/2019;Mutasi Tempat Kerja Baru ;01/07/2019;Dian;NULL
820/8053/303/2019;Mutasi Tempat Kerja Baru ;11/03/2019;Dian;NULL
820/9968/303/2019;Mutasi Tempat Kerja Baru ;01/04/2019;Dian;NULL
820/21.765/303/2019;Mutasi Tempat Kerja Baru ;26/07/2019;Dian;NULL
900/30.669/303/2019;Pemberlakuan Kelas Khusus Di Kamar Terima RSUD dr.Soedono Madiun;07/10/2019;Reski Alfan DP;NULL
820/8052/303/2019;Pengangkatan Dalam Jabatan Manajerial Keperawatan;11/03/2019;Dian;NULL
900/29.895/303/2019;Susunan Pejabat Penatausahaan Keuangan (PPK-SKPD), Pembantu Pejabat Penatausahaan Keuangan (Pembantu PPK-SKPD), Pembantu Bendahara Pengeluaran, Sibaku;27/09/2019;Dian;NULL
900/33.715/303/2019;Penyesuaian Besaran Uang Harian Dan Uang Representasi Untuk Perjalanan Dinas Pegawai Di Dalam Dan Luar Daerah RSUD dr Soedono Madiun;30/10/2019;Reski Alfan DP;NULL
445/33.814/303/2019;Pemberlakuan Susunan Tim Pelaksana Paska Pajanan RSUD dr Soedono Madiun;31/10/2019;Reski Alfan DP;NULL
445/16.031/303/2019;Pembentukan Inst IPBJ RSUD dr Soedono Madiun;27/05/2019;Reski Alfan DP;NULL
445/14.550/303/2019;Tim Percepatan Penyelesaian Klaim Asuransi Kesehatan RSUD dr Soedono Madiun;14/05/2019;Reski Alfan DP;NULL
900/31.524/303/2019;Perubahan Keputusan Direktur RSUD dr Soedono Madiun tentang Pemberlakuan Kelas Khusus Di RSUD dr Soedono Madiun;11/10/2019;Reski Alfan DP;NULL
800/15.320/303/2019;Pelaksanaan Jaga/Piket Cuti Bersama Hari Raya Idul Fitri Tahun 2019/1440 H;21/05/2019;Reski Alfan DP;NULL
820/109/303/2019;Mutasi Tempat Kerja Baru ;02/01/2019;Reski Alfan DP;NULL
445/11.632/303/2019;Pelaksana Kegiatan General Check Up Karyawan RSUD dr Soedono Madiun;15/04/2019;Reski Alfan DP;NULL
821.2/169/303/2019;Pembesan Dalam Jabatan;03/01/2019;Reski Alfan DP;NULL
445/7092/303/2019;Pembentukan Komite Keselamatan Dan Kesehatan Kerja RSUD dr Soedono Madiun;01/03/2019;Reski Alfan DP;NULL
445/7084/303/2019;Pembentukan Unit Pengumpul Zakat (UPZ) Di RSUD dr Soedono Madiun;01/03/2019;Reski Alfan DP;NULL
800/133/303/2019;Pemberi Tambahan Penghasilan Bagi PNS, Calon PNS Dan Pegawai BLUD Non PNS Berdasarkan Prestasi Kerja Di Lingkungan RSUD dr Soedono Madiun;02/01/2019;Reski Alfan DP;NULL
900/22.415/303/2019;Penetapan Tarif Tuberkulosis Multidrug Resistant (TBMDR) RSUD dr Soedono Madiun;01/08/2019;Reski Alfan DP;NULL
820/111/303/2019;Pengangkatan Dalam Jabatan Kepala Instalasi Pengelolaan Data Elektronik;02/01/2019;Reski Alfan DP;NULL
820/16.160/303/2019;Pengangkatan Dalam Jabatan Kepala Instalasi an. Urip Purwani dan Titi Utami Dewi;28/05/2019;Reski Alfan DP;NULL
820/170/303/2019;Pengangkatan Dalam Jabatan Kepala Instalasi an. dr. Vindrya dan dr. Arianti;03/01/2019;Reski Alfan DP;NULL
820/105/303/2019;Pengangkatan Dalam Jabatan Manajerial Keperawatan;02/01/2019;Reski Alfan DP;NULL
445/136/303/2019;Tim Pemindahtanganan, Pemusnahan Dan Penghapusan Barang Milik Daerah Pada RSUD dr Soedono Madiun;02/01/2019;Reski Alfan DP;NULL
445/11.538/303/2019;Tim Pembangunan Zona Integritas Di RSUD dr Soedono Madiun;15/04/2019;Reski Alfan DP;NULL
445/129/303/2019;Tim Kerja Sama Dengan Pihak Ketiga Di RSUD dr Soedono Madiun;02/01/2019;Reski Alfan DP;NULL
445/101/303/2019;Tim HIV/AIDS RSUD dr Soedono Madiun;02/01/2019;Reski Alfan DP;NULL
445/15.497/303/2019;Teknis Pemberian TPP Prestasi Kerja Untuk Tunjangan Hari Raya Bagi PNS Dan Pegawai BLUD Non PNS Di Lingkungan RSUD dr Soedono Madiun ;22/05/2019;Reski Alfan DP;NULL
900/16.374/303/2019;Penunjukan Bendahara Penerimaan Dan Bendahara Penerimaan Pembantu RSUD dr Soedono Madiun;29/05/2019;Dian;NULL
900/9632/303/2019;Penunjukan Bendahara Pengeluaran RSUD dr Soedono Madiun;28/03/2019;Dian;NULL
445/3448/303/2019;Penyempurnaan Penetepan Jumlah TT Pelayanan Rawat Inap RSSM;01/02/2019;Dian;NULL
445/15.496/303/2019;Teknis Pemberian TPP Prestasi Kerja Untuk Tunjangan Hari Raya Bagi PNS di Lingkungan RSUD dr Soedono Madiun ;22/05/2019;Dian;NULL
900/3449/303/2019;Perubahan Keputusan Direktur RSUD dr Soedono Madiun Tentang Tarif Pelayanan Kesehatan Instalasi Merpati RSUD dr Soedono Madiun;01/02/2019;Dian;NULL
900/15.319/303/2019;Penetapan Tambahan Honorarium/Penghasilan Bagi Pegawai Tidak Tetap Badan Layanan Umum Daerah (BLUD) Non PNS RSUD dr Soedono Madiun Tahun 2019;21/05/2019;Dian;NULL
445/132/303/2019;Perubahan Tim Promosi Kesehatan Rumah Sakit (PKRS) RSUD dr Soedono Madiun;02/01/2019;Dian;NULL
445/1753/303/2019;Perubahan Tim Pendamping Penyusunan Sim-RS (Counterpart) RSUD dr Soedono Madiun;16/01/2019;Dian;NULL
700/049/303/2019;Satuan Pengendalian Internal (SPI) Di Lingkungan RSUD dr ;02/01/2019;Dian;NULL
445/130/303/2019;Perubahan Tim Satuan Tugas (SATGAS) Anti Narkoba RSUD dr Soedono Madiun;02/01/2019;Dian;NULL
900/2128/303/2019;Perubahan Keputusan Penunjukan Dan Pengangkatan Pejabat Pembuat Komitmen (PPK) Dan Pejabat Pelaksana Teknis Kegiatan (PPTK) RSUD dr Soedono Madiun;18/01/2019;Dian;NULL
445/131/303/2019;Perubahan Pejabat Pengelola Pengaduan RSUD dr Soedono Madiun;02/01/2019;Dian;NULL
445/129/303/2019;Perubahan Keputusan Direktur RSUD dr Soedono Madiun Tentang Tim Kerja Sama Dengan Pihak Ketiga;02/01/2019;Dian;NULL
800/14.666/303/2019;Perubahan Kedua Tentang Pemberian Tambahan Penghasilan Bagi PNS, CPNS Dan Pegawai BLUD Non PNS Berdasarkan Prestasi Kerja Di Lingkungan RSUD dr Soedon;15/05/2019;Dian;NULL
880/12.722/303/2019;Pemberhentian Pegawai Tidak Tetap BLUD Non PNS RSUD dr Soedono Madiun/ dr. Dhyah Aksarani Handamari,Sp.KK;30/04/2019;Dian;NULL
880/7095/303/2019;Pemberhentian Pegawai Tidak Tetap BLUD Non PNS RSUD dr Soedono Madiun/ dr. Ardila Waraduhita;01/03/2019;Dian;NULL
880/12.726/303/2019;Pemberhentian Pegawai Tidak Tetap BLUD Non PNS RSUD dr Soedono Madiun/ dr. Bagus Mukti Wibowo, Sp.OG;30/04/2019;Dian;NULL
880/10.535/303/2019;Pemberhentian Pegawai Tidak Tetap BLUD Non PNS RSUD dr Soedono Madiun/ dr. Dandy Drestanto Adiwignyo;05/04/2019;Dian;NULL
880/12.725/303/2019;Pemberhentian Pegawai Tidak Tetap BLUD Non PNS RSUD dr Soedono Madiun/ dr. Ferdian Musthafa;30/04/2019;Dian;NULL
880/12.724/303/2019;Pemberhentian Pegawai Tidak Tetap BLUD Non PNS RSUD dr Soedono Madiun/ dr. Nanda Febri Setiawati, Sp BP-RE;30/04/2019;Dian;NULL
800/12.728/303/2019;Pemberhentian Pegawai Tidak Tetap BLUD Non PNS RSUD dr Soedono Madiun/ Hermawan, AMd;30/04/2019;Dian;NULL
880/7094/303/2019;Pemberhentian Pegawai Tidak Tetap BLUD Non PNS RSUD dr Soedono Madiun/ Masruroh;01/03/2019;Dian;NULL
880/12.719/303/2019;Pemberhentian Pegawai Tidak Tetap BLUD Non PNS RSUD dr Soedono Madiun / Arif Rochmansyah Septiawan, AMd.Kep;30/04/2019;Dian;NULL
880/12.721/303/2019;Pemberhentian Pegawai Tidak Tetap BLUD Non PNS RSUD dr Soedono Madiun / Arliny Nuraizah, AMd, Kep;30/04/2019;Dian;NULL
880/12.716/303/2019;Pemberhentian Pegawai Tidak Tetap BLUD Non PNS RSUD dr Soedono Madiun / Eva Dwi Puspitasari,S.Kep.Ns;30/04/2019;Dian;NULL
880/12.712/303/2019;Pemberhentian Pegawai Tidak Tetap BLUD Non PNS RSUD dr Soedono Madiun / Lina Mardyaningrum, Amd.Kep.Gi;30/04/2019;Dian;NULL
880/12.714/303/2019;Pemberhentian Pegawai Tidak Tetap BLUD Non PNS RSUD dr Soedono Madiun / Rafiko Fendi Arfianto, AMd.Kep;30/04/2019;Dian;NULL
880/12.718/303/2019;Pemberhentian Pegawai Tidak Tetap BLUD Non PNS RSUD dr Soedono Madiun / Sandy Soryo Adi Putro, AMd.Kep;30/04/2019;Dian;NULL
880/12.717/303/2019;Pemberhentian Pegawai Tidak Tetap BLUD Non PNS RSUD dr Soedono Madiun / Seto Panji Kisworo, AMd.Kep;30/04/2019;Dian;NULL
880/12.713/303/2019;Pemberhentian Pegawai Tidak Tetap BLUD Non PNS RSUD dr Soedono Madiun / Titik Tri Ardiani, S.Kep.NS;30/04/2019;Dian;NULL
880/12.715/303/2019;Pemberhentian Pegawai Tidak Tetap BLUD Non PNS RSUD dr Soedono Madiun / Herliyana Novita, AMd.Kep;30/04/2019;Dian;NULL
880/12.727/303/2019;Pemberhentian Pegawai Tidak Tetap BLUD Non PNS RSUD dr Soedono Madiun / dr. Leonardo;30/04/2019;Dian;NULL
880/7093/303/2019;Pemberhentian Pegawai Tidak Tetap BLUD Non PNS RSUD dr Soedono Madiun / Handono;01/03/2019;Dian;NULL
880/12.720/303/2019;Pemberhentian Pegawai Tidak Tetap BLUD Non PNS RSUD dr Soedono Madiun / Rindiah Nur Hasriningrum, AMd.Kep;30/04/2019;Dian;NULL
900/13.922/303/2018;Tarif Sewa Gedung Sumbawa RSUD dr Soedono Madiun;05/06/2018;Dian;NULL
900/34.602/303/2018;Pejabat Pemeriksa Hasil Pekerjaan (PjPHP) RSUD dr Soedono Madiun;17/12/2018;Dian;NULL
900/34.605/303/2018;Pejabat Penatausahaan Barang, Pengurus Barang Aset Dan Pengurus Barang Persediaan Rumah Sakit Umum Daerah dr Soedono Madiun;17/12/2018;Dian;NULL
900/34.601/303/2018;Pejabat Pengadaan Barang/Jasa RSUD dr Soedono Madiun;17/12/2018;Dian;NULL
900/34.606/300/2018;Pelaksana Administrasi Keuangan/Kegiatan Dan Pembantu PPTK RSUD dr Soedono Madiun;17/12/2018;Dian;NULL
900/34.603/303/2018;Penetapan Panitia Pemeriksa Hasil Pekerjaan (PPHP) RSUD dr Soedono Madiun;17/12/2018;Dian;NULL
900/34.598/303/2019;Pengguna Anggaran (PA), Kuasa Pengguna Anggaran (KPA), Bendahara Penerimaan, Bendahara Penerimaan Pembantu, Bendahara Pengeluaran, Bendahara Pengeluar;17/12/2018;Dian;NULL
900/34.600/303/2018;Susunan Pejabat Penatausahaan Keuangan (PPK-SKPD), Pembantu Pejabat Penatausahaan Keuangan (Pembantu PPK-SKPD), Pembantu Bendahara Pengeluaran, SIBAKU;17/12/2018;Dian;NULL
900/34.604/303/2018;Tim Teknis Pengadaan Barang/Jasa RSUD dr Soedono Madiun;17/12/2018;Dian;NULL
900/41.177/303/2019;Pejabat Pengadaan Barang/Jasa RSUD dr Soedono Madiun Tahun Anggaran 2020;20/12/2019;Dian;NULL
900/41.179/303/2019;Pejabat Penatausahaan Barang, Pengurus Barang Aset Dan Pengurus Barang Persediaan RSUD dr Soedono Madiun Tahun Anggaran 2020;20/12/2019;Dian;NULL
900/41.180/303/2019;Pelaksana Administrasi Keuangan/Kegiatan Dan Pembantu PPTK RSUD dr Soedono Madiun Tahun Anggaran 2020;20/12/2019;Dian;NULL
900/41.175/303/2019;Penetapan Panitia Pemeriksa Hasil Pekerjaan (PPHP) RSUD dr Soedono Madiun Tahun Anggaran 2020;20/12/2019;Dian;NULL
900/41.173/303/2019;Penunjukan Dan Pengangkatan Pejabat Pembuat Komitmen (PPKn) Dan Pejabat Pelaksana Teknis Kegiatan (PPTK) RSUD dr Soedono Madiun Tahun Anggaran 2020;20/12/2019;Dian;NULL
900/41.176/303/2019;Pejabat Pemeriksa Hasil Pekerjaan (PjPHP) RSUD dr Soedono Madiun Tahun Anggaran 2020;20/12/2019;Dian;NULL
900/41.172/303/2019;Pengguna Anggaran (PA), Kuasa Pengguna Anggaran (KPA), Bendahara Penerimaan, Bendahara Penerimaan Pembantu, Bendahara Pengeluaran, Bendahara Pengeluar;20/12/2019;Dian;NULL
900/41.174/303/2019;Susunan Pejabat Penatausahaan Keuangan (PPK-SKPD), Pembantu Pejabat Penatausahaan Keuangan (Pembantu PPK-SKPD), Pembantu Bendahara Pengeluaran, SIBAKU;20/12/2019;Dian;NULL
900/41.178/303/2019;Tim Teknis Pengadaan Barang/Jasa RSUD dr Soedono Madiun Tahun Anggaran 2020;20/12/2019;Dian;NULL
900/025/303/2020;Penetapan Uang Persediaan Dana Fungsional RSUD dr Soedono Madiun Tahun 2020;02/01/2020;Dian;NULL
900/086/303/2019;Penetapan Uang Persediaan Dana Fungsional RSUD dr Soedono Madiun Tahun 2019;02/01/2020;Dian;NULL
800/41.836/303/2019;Tim Seleksi Bidang Untuk Kegiatan Seleksi Pengangkatan Pegawai BLUD Non PNS Tetap RSUD dr Soedono Madiun;31/12/2019;Dian;NULL
445/16.030/303/2019;Pembentukan IKPK RSUD dr Soedono Madiun;27/05/2019;Dian;NULL
900/14.846/303/2019;Kuasa Pengguna Anggaran (KPA), Pejabat Pembuat Komitmen (PPK) Dan Pejabat Pelaksana Teknis Kegiatan (PPTK) Pengelola Dana Alokasi Khusus (DAK) RSUD dr;16/05/2019;Dian;NULL
900/16421/303/2019;Pelaksana Admistrasi Keuangan/Kegiatan Dan Pembantu PPTK RSUD dr Soedono Madiun;29/05/2019;Dian;NULL
445/30410/303/2019;Penunjukan Pengurus Barang Ruangan Pada Rumah Sakit Umum Daerah dr Soedono Madiun;03/10/2019;Dian;NULL
821.2/548/204/2020;Pengangkatan Dalam Jabatan an dr.Dwi Siwi Mardiati,M.Kes;06/02/2020;Dian;NULL
025/2866/303/2020;Penggunaan Pakaian Dinas Di Lingkungan RSUD dr Soedono Madiun;22/01/2020;Dian;NULL
445/41153/303/2019;Penunjukan Petugas Pembuat SEP, Entry Tagihan Klaim Dan WTA (Walk Through Audit) Serta Person In Charge Rumah Sakit Dan Program Rujuk Balik BPJS Keseh;20/12/2019;Dian;NULL
900/025/303/2020;Penetapan Uang Persediaan Dana Fungsional RSUD dr Soedono Madiun Tahun 2020;02/01/2020;Dian;NULL
900/41876/303/2019;Panitia Pemeriksa Hasil Pekerjaan (PPHP) RSUD dr Soedono Madiun Tahun  Anggaran 2020;31/12/2019;Dian;NULL
065/920/114.4/2020;Surat Keputusan Gubernur Jawa Timur tentang Tim Respon Insiden Keamanan Komputer Provinsi Jawa Timur;12/02/2020;Dian;NULL
445/5444/303/2020;Tim Penguji Kesehatan RSUD dr Soedono Madiun;11/02/2020;Dian;NULL
821.2/1603/204/2020;Pengangkatan Dalam Jabatan an dr.Nunik Dhamayanti,M.Kes;03/04/2020;Dian;NULL
445/14.254/303/2020;Pembentukan Tim Gugus Tugas Rumah Sakit Ramah Lingkungan;13/04/2020;Dian;NULL
445/14.253/303/2020;Perubahan Keputusan Direktur RSUD dr Soedono Madiun Tentang Pejabat Pengelola Informasi Dan Dokumentasi (PPID) Pembantu RSUD dr Soedono Madiun Prov Ja;13/04/2020;Dian;NULL
900/13929/303/2020;Penunjukan Dan Pengangkatan Pejabat Pembuat Komitmen (PPKn) Dan Pejabat Pelaksana Teknis Kegiatan (PPTK) RSUD dr Soedono Madiun Tahun Anggaran 2020;13/04/2020;Dian;UMUM
445/14256/303/2020;Tim Pembangunan Zona Integritas Di RSUD dr Soedono Madiun;13/04/2020;Dian;NULL
440.05-401.103/30/2020;Pembentukan Gugus Tugas Percepatan Penanganan Corona Virus Disease 2019 (COVID-19) Kota Madiun;16/03/2020;Dian;NULL
445/16305/303/2020;Tenaga Kesehatan Kelompok Resiko Dalam Penanganan Covid-19 Di Rumah Sakit Umum Daerah dr Soedono Madiun;29/04/2020;Dian;NULL
900/13931/303/2020;Tim Teknis Pengadaan Barang/Jasa RSUD dr Soedono Madiun Tahun Anggaran 2020;13/04/2020;Dian;NULL
820/16519/303/2020;Pengangkatan Dalam Jabatan Manajerial Keperawatan;30/04/2020;Dian;NULL
800/823/303/2020;Tim Seleksi Penerimaan Tenaga Kesehatan Lain Dan Tenaga Non Kesehatan Rumah Sakit Umum Daerah dr Soedono Madiun;02/03/2020;Dian;NULL
800/8229/303/2020;Tim Seleksi Penerimaan Tenaga Medis Rumah Sakit Umum Daerah dr Soedono Madiun;02/03/2020;Dian;NULL
800/8230/303/2020;Tim Seleksi Penerimaan Tenaga Perawat Dan Bidan Rumah Sakit Umum Daerah dr Soedono Madiun;02/03/2020;Dian;NULL
900/15650/303/2020;Penunjukan Dan Pengangkatan Pejabat Pembuat Komitmen (PPKn) Dan Pejabat Pelaksana Teknis Kegiatan (PPTK) RSUD dr Soedono Madiun Tahun Anggaran 2020;23/04/2020;Dian;UMUM
900/16796/303/2020;Tarif Pelayanan Kesehatan Instalasi Merpati RSUD dr Soedono Madiun;04/05/2020;Dian;NULL
900/16795/303/2020;Tarif Pelayanan Kesehatan Laboratorium Terpadu RSUD dr Soedono Madiun;04/05/2020;Dian;NULL
900/13930/303/2020;Pejabat Pengadaan Barang/Jasa RSUD dr Soedono Madiun Tahun Anggaran 2020;13/04/2020;Dian;NULL
188/109/KPTS/013/2020;Penetapan Rumah Sakit Rujukan Penyakit Corona Virus Disease 2019 (COVID-19) Di Jawa Timur;17/03/2020;Dian;NULL
13.A Tahun 2020;Perpanjangan Status Keadaan Tertentu Darurat Bencana Wabah Penyakit Akibat Virus Corona Di Indonesia;29/02/2020;Dian;NULL
440 Tahun 2020, 03 Tahun 2020, 03 Tahun 2020;Perubahan Ketiga Atas Keputusan Bersama Menteri Agama, Menteri Ketenagakerjaan, Dan Menteri Pendayagunaan Aparatur Negara Dan Reformasi Birokrasi Nomo;20/05/2020;Dian;NULL
065/3899/031.3/2020;Pembidangan Ruang Lingkup dan Koordinasi Tugas Asisten Sekretaris Daerah Provinsi Jawa Timur;12/03/2020;Dian;NULL
445/7709/303/2020;Penyempurnaan Penetapan Jumlah TT Pelayanan Rawat Inap RSSM;27/02/2020;Dian;NULL
900/23279/303/2020;Susunan Pejabat Penatausahaan Keuangan (PPK-SKPD), Pembantu Pejabat Penatausahaan Keuangan (Pembantu PPK-SKPD), Pembantu Bendahara Pengeluaran, SIBAKU;30/06/2020;Dian;NULL
900/24407/303/2020;Tarif Pelayanan Kesehatan Instalasi Merpati RSUD dr Soedono Madiun;09/07/2020;Dian;PENUNJANG
900/24406/303/2020;Tarif Pelayanan Kesehatan Laboratorium Terpadu RSUD dr Soedono Madiun;09/07/2020;Dian;UMUM
445/27493/303/2020;Pemberian Nutrisi Makanan Bagi Pegawai Rumah Sakit Yang Menjalani Karantina Di RSUD dr Soedono Madiun;03/08/2020;Dian;NULL
900/25574/303/2020;Tim Teknis Pengadaan Barang/Jasa RSUD dr Soedono Madiun Tahun Anggaran 2020;21/07/2020;Dian;NULL
445/28302/303/2020;Adendum Formularium IX RSUD dr Soedono Madiun;07/08/2020;Dian;NULL
445/047/303/2020;Pembimbing Praktek Kerja Lapangan (PKL) Mahasiswa dan Magang Untuk Non Keperawatan dan Kebidanan di RSUD dr Soedono Madiun;02/01/2020;Dian;NULL
900/23554/303/2020;Tatanan Perhitungan Lasa Pelayanan Instalasi Merpati di RSUD dr Soedono Madiun;01/07/2020;Dian;NULL
445/22099/303/2020;Teknis Pemberian Bantuan Transport Bagi Petugas Patroli TNI/POLRI yang Melaksanakan Tugas Pengamanan COVID-19 di Lingkungan RSUD dr Soedono Madiun;22/06/2020;Dian;UMUM
445/30775/303/2020;Teknis Pemberian Bantuan Transport Bagi Petugas Patroli TNI/POLRI yang Melaksanakan Tugas Pengamanan COVID-19 di Lingkungan RSUD dr Soedono Madiun;01/09/2020;Dian;NULL
445/7708/303/2020;Tenaga Kesehatan Yang Ditugaskan Di IGD Triase Di RSUD dr Soedono Madiun;27/02/2020;Dian;NULL
445/7707/303/2020;Tim Verifikator Penerima Insentif Untuk Tenaga Kesehatan Dalam Rangka Penanganan Covid-19 Di RSUD dr Soedono Madiun;27/02/2020;Dian;NULL
445/11184/303/2020;Percepatan Kesiapsiagaan Penanganan Wabah Penyakit Akibat COVID-19 di RSUD dr Soedono Madiun;23/03/2020;Dian;NULL
061/33251/307/2020;Pembentukan ITISI RSUD dr Soedono Madiun;17/09/2020;Dian;NULL
445/30420/303/2020;Pemberian Bantuan Biaya Pendidikan Dan Pelatihan Subspesialis Hematologi Onkologi Bagi PNS di RSUD dr Soedono Madiun;28/08/2020;Dian;NULL
900/16805/303/2020;Pembebasan Biaya Pemeriksaan Rapid Test Dan Atau Swab Test Untuk Institusi Pemerintahan ;04/05/2020;Dian;UMUM
445/4212/303/2020;Jenis Pelayanan Dan Pelayanan Unggulan Di RSUD dr Soedono Madiun;03/02/2020;Dian;PELAYANAN
445/36143/303/2020;Penetapan Ketua Komite Medik RSUD dr Soedono Madiun Masa Bhakti Tahun 2020-2023;05/10/2020;Dian;UMUM
876/38791/303/2020;Penyesuaian Nama Jabatan Pegawai Tidak Tetap Badan Layanan Umum Daerah (BLUD) NON PNS RSUD dr Soedono Madiun Tahun 2020;26/10/2020;Dian;NULL
123 tes;tes;17/11/2020;Reski Alfan DP;NULL
900/37201/303/2020;Perubahan Keempat Keputusan Direktur RSUD dr Soedono Madiun Tentang Penunjukan Dan Pengangkatan Pejabat Pembuat Komitmen (PPKn) Dan Pejabat Pelaksana ;13/10/2020;Dian;UMUM
900/42666/303/2020;Perubahan Kelima Keputusan Direktur RSUD dr Soedono Madiun Tentang Penunjukan Dan Pengangkatan Pejabat Pembuat Komitmen (PPKn) Dan Pejabat Pelaksana T;23/11/2020;Dian;NULL
900/29762/303/2020;Perubahan Ketiga Keputusan Direktur RSUD dr Soedono Madiun Tentang Penunjukan Dan Pengangkatan Pejabat Pembuat Komitmen (PPKn) Dan Pejabat Pelaksana T;24/08/2020;Dian;UMUM
900/40568/303/2020;Penunjukan dan Pengangkatan Pejabat Pelaksana Teknis Kegiatan (PPTK) Kegiatan Bantuan Pemerintah Lingkup Direktorat Jenderal Pelayanan Kesehatan Bersu;09/11/2020;Dian;UMUM
445/37105/3030/2020;Pemberian Bantuan Biaya Pendidikan Dan Biaya Hidup Bagi Tenaga PNS Yang Melaksanakan Tugas Belajar di RSUD dr Soedono Madiun;12/10/2020;Dian;UMUM
445/106/303/2018;Pembentukan Pengurus Komite Keperawatan RSUD dr Soedono Madiun Masa Bakti Tahun 2018-2021;02/01/2018;Dian;NULL
900/40369/303/2020;Penunjukan Dan Pengangkatan Pejabat Pengelola Untuk Kegiatan Bantuan Pemerintah di Lingkup Direktorat Jenderal Pelayanan Kesehatan Bersumber Bagian An;09/11/2020;Dian;NULL
800/42901/303/2020;Tim Seleksi Bidang Untuk Kegiatan Seleksi Pengangkatan Pegawai BLUD Non Pegawai Negeri Sipil (PNS) Tetap RSUD dr Soedono Madiun;24/11/2020;Dian;NULL
900/41617/303/2020;Perubahan Penunjukan dan Pengangkatan Pejabat Pengelola Untuk Kegiatan Bantuan Pemerintah di Lingkup Direktorat Jenderal Pelayanan Kesehatan Bersumber;16/11/2020;Dian;NULL
900/46257/303/2020;Penetapan Panitia Pemeriksa Hasil Pekerjaan (PPHP) RSUD dr Soedono Madiun;21/12/2020;Dian;NULL
900/46272/303/2020;Pengguna Anggaran (PA), Kuasa Pengguna Anggaran (KPA), Bendahara Penerimaan, Bendahara Pembantu, Bendahara Pengeluaran, Bendahara Pengeluaran Pembantu;21/12/2020;Dian;NULL
445/39497/303/2020;Susunan Kepengurusan Komite Medik RSUD dr Soedono Madiun Masa Bakti Tahun 2020-2023 ;03/11/2020;Dian;UMUM
900/46262/303/2020;Penunjukan dan Pengangkatan Pejabat Pembuat Komitmen (PPKom) RSUD dr Soedono Madiun;21/12/2020;Dian;NULL
900/46258/303/2020;Pejabat Pengadaan Barang/Jasa RSUD dr Soedono Madiun;21/12/2020;Dian;NULL
900/46260/303/2020;Tim Teknis Pengadaan Barang/Jasa RSUD dr Soedono Madiun;21/12/2020;Dian;NULL
900/45846/303/2020;Penetapan Struktur Organisasi Pengelola Anggaran Belanja Tidak Terduga pada RSUD dr Soedono Madiun;16/12/2020;Dian;NULL
900/46261/303/2020;Pejabat Penatausahaan Barang, Pengurus Barang Aset Dan Pengurus Barang Persediaan RSUD dr Soedono Madiun;21/12/2020;Dian;NULL
445/45514/303/2020;Penetapan Ketua Komite Keperawatan RSUD dr Soedono Madiun Masa Bhakti Tahun 2021-2024 ;14/12/2020;Dian;NULL
900/46259/303/2020;Pelaksana Administrasi Keuangan/ Kegiatan Dan Pembantu PPTK RSUD dr Soedono Madiun;21/12/2020;Dian;UMUM
900/46256/303/2020;Pejabat Pemeriksa Hasil Pekerjaan (PjPHP) RSUD dr Soedono Madiun;21/12/2020;Dian;NULL
900/46288/303/2020;Penunjukan Dan Pengangkatan Pejabat Pelaksana Teknis Kegiatan (PPTK) RSUD dr Soedono Madiun;21/12/2020;Dian;UMUM
900/46271/303/2020;Susunan Pejabat Penatausahaan Keuangan (PPK-SKPD), Pembantu Pejabat Penatausahaan Keuangan (Pembantu PPK-SKPD), Pembantu Bendahara Pengeluaran, SIPPOL;21/12/2020;Dian;NULL
800/45666/303/2020;Surat Tugas Pelimpahan Wewenang an dr Fitria Khusnul Khotimah, Sp.OG;15/12/2020;Dian;NULL
800/47.439/303/2020;Besaran Uang Perjalanan Dinas (SPPD) di lingkungan RSUD dr. Soedono Madiun Tahun 2021;30/12/2020;Dian;UMUM
800/42668/303/2020;Surat Perintah Pelaksana Tugas M. Sucahyono,SKM,M.Kes sebagai Pelaksana Tugas (Plt) Wakil Direktur Penunjang dan Pendidikan Penelitian RSUD dr ;23/11/2020;Dian;UMUM
800/38976/303/2020;dr. Dwi Siwi Mardiati,M.Kes sebagai Pelaksana Tugas (Plt) Wakil Direktur Penunjang dan Pendidikan, Penelitian RSUD dr Soedono Madiun;27/10/2020;Dian;NULL
821.1/11437/204.4/2020;dr. Mochamad Hafidin Ilham,Sp.An sebagai Pelaksana Tugas Direktur RSUD dr Soedono Provinsi Jatim sekaligus sebagai Pengguna Anggaran (PA) APBD dan Kua;02/11/2020;Dian;NULL
800/35164/303/2020;dr Dwi Siwi Mardiati,M.Kes sebagai Pelaksana Harian (Plh) Wakil Direktur Umum dan Keuangan RSUD dr Soedono Madiun;29/09/2020;Dian;NULL
503/1412/DS.9.1/401.103/2020;Surat Izin Praktik (SIP) Dokter/ Dokter Gigi (dr Vindrya Raharjanti,Sp.PD);04/06/2020;Dian;NULL
445/1341/303/2020;Pembentukan Tim Sistem Akuntabilitas Kinerja Instansi Pemerintah (SAKIP) Di Rumah Sakit Umum Daerah dr Soedono Madiun;13/01/2020;Dian;PPE
445/1283/303/2021;Pemberian Bantuan Biaya Pendidikan Dan Biaya Hidup Bagi Tenaga PNS Yang Melaksanakan Tugas Belajar Di RSUD dr Soedono Madiun;08/01/2021;Dian;NULL
445/7854/303/2021;Perubahan Tim Kerja Sama Dengan Pihak Ketiga Di RSUD dr Soedono Madiun;22/02/2021;Dian;UMUM
900/065/303/2021;Perubahan Penetapan Struktur Organisasi Pengelola Anggaran Belanja Tidak Terduga (BTT) Pada RSUD dr Soedono Madiun;04/01/2021;Dian;NULL
TU/SPO/005/2020;SOP Kredensial Tenaga Kesehatan;06/01/2020;Dian;KEPEGAWAIAN
TU/SPO/003/2020;SOP Pengusulan Kenaikan Pangkat;06/01/2020;Dian;KEPEGAWAIAN
TU/SPO/002/2020;SOP Pengusulan Surat Kenaikan Gaji Berkala;06/01/2020;Dian;KEPEGAWAIAN
TU/SPO/007/2020;SOP Perencanaan Kebutuhan Pegawai;06/01/2020;Dian;KEPEGAWAIAN
TU/SPO/008/2020;SOP Rekrendisial Tenaga Kesehatan;06/01/2020;Dian;KEPEGAWAIAN
TU/SPO/006/2020;SOP Rencana Pengembangan SDM;06/01/2020;Dian;KEPEGAWAIAN
TU/SPO/004/2020;SOP Pengusulan Daftar Usulan Angka Kredit;06/01/2020;Dian;KEPEGAWAIAN
TU/SPO/001/2020;SOP Rekrutmen Pegawai BLUD Non PNS;06/01/2020;Dian;KEPEGAWAIAN
445/47468/303/2020;Teknis Pemberian Bantuan Transport Bagi Petugas Patroli POLRI yang melaksanakan Tugas Pengamanan COVID-19 di Lingkungan RSUD dr Soedono Madiun;30/12/2020;Dian;UMUM
445/423/303/2020;Pembentukan Tim Reformasi Birokrasi Pada Rumah Sakit Umum Daerah dr Soedono Madiun;04/01/2020;Dian;PPE
800/067/303/2021;Pemberian Tambahan Penghasilan Bagi Pegawai Negeri Sipil, Calon Pegawai Negeri Sipil Dan Pegawai BLUD Non PNS Berdasarkan Prestasi Kerja di Lingkungan;04/01/2021;Reski Alfan DP;KEPEGAWAIAN
900/46808/303/2020;Prosedur Penjaminan Pelayanan Kesehatan Dengan Asuransi Kesehatan Tambahan di RSUD dr Soedono Madiun;28/12/2020;Dian;UMUM
YAN/SPO/118/2020;Pelacakan Kontak Erat Petugas Yang Kontak Dengan Pasien Probable/ Terkonfirmasi Positive Covid-19;07/12/2020;Dian;PELAYANAN
800/23555/303/2020;Perubahan Kesatu Pemberian Tambahan Penghasilan Bagi PNS, CPNS dan Pegawai BLUD Non PNS Berdasarkan Prestasi Kerja di Lingkungan RSUD dr Soedono Madiu;07/07/2020;Dian;KEPEGAWAIAN
445/23552/303/2020;Perubahan Komite Mutu dan Keselamatan Pasien RSUD dr Soedono Madiun;01/07/2020;Dian;NULL
445/29195/303/2020;Teknis Pemberian Tambahan Penghasilan Ketiga Belas Bagi Pegawai BLUD Non PNS Di Lingkungan RSUD dr Soedono Madiun;14/08/2020;Dian;NULL
027/1653/022.1/2020;Penyelenggaraan Pengadaan Barang/Jasa Menggunakan Sistem Pengadaan Secara Elektronik Dan Sistem Pendukung Di Lingkungan Pemerintah Provinsi Jatim;31/01/2020;Dian;NULL
800/1621/204.3/2021;Larangan ASN di Lingk Pem Prov Jatim Bepergian Ke Luar Daerah Selama Hari Isra Miraj Nabi Muhammad SAW dan Hari Suc;10/03/2021;Dian;NULL
445/630/303/2020;Jenis Pelayanan Dan Pelayanan Unggulan Di Rumah Sakit Umum Daerah dr Soedono Madiun;08/01/2020;Dian;NULL
027/7120/303/2021;Penambahan Tenaga Ahli/Profesional Pelayanan COVID19 Periode Bulan Januari Maret Tahun 2021;16/02/2021;Dian;NULL
445/024/303/2021;Penetapan Jumlah TT Rawat Inap RSSM;04/01/2021;Dian;NULL
820/4817/303/2021;Pengangkatan Dalam Jabatan Manajerial Keperawatan;01/02/2021;Dian;NULL
876/1522/303/2021;Perubahan Kesatu tentang Pengangkatan Pegawai Tidak Tetap Badan Layanan Umum Daerah (BLUD) Non PNS RSUD dr Soedono Madiun Tahun 2021;11/01/2021;Dian;NULL
445/032/303/2021;Susunan Kepengurusan Komite Keperawatan RSUD dr Soedono Madiun Masa Bakti Tahun 20212024;04/01/2021;Dian;NULL
027/7231/303/2021;Penambahan Tenaga Transporter Pelayanan COVID19 Periode Bulan Januari Maret Tahun 2021;16/02/2021;Dian;NULL
445/10804/303/2021;Perubahan Keputusan Tim Pelaksana Vaksinasi dlm Rangka Penanggulangan Pandemi COVID19 di RSSM;10/03/2021;Dian;NULL
445/12913/303/2021;Perubahan Keputusan Direktur RSUD dr Soedono Madiun Nomor 445/042/303/2020 tentang Pejabat Pengelola Informasi Dan Dokumentasi (PPID) Pembantu RSUD dr;26/03/2021;Dian;UMUM
800/10796/303/2021;Besaran Uang Perjalanan Dinas Di Lingkungan RSUD dr Soedono Madiun Tahun 2021;10/03/2021;Dian;UMUM
445/13572/303/2021;Perubahan Tarif Praktik Kerja Lapangan, Magang dan Studi Tiru di RSUD dr Soedono Madiun;01/04/2021;Dian;DIKLIT
820/13838/303/2021;Mutasi Tempat Kerja Baru an Berliyan Budi Intiyas;01/04/2021;Dian;KEPEGAWAIAN
820/8455/303/2021;Mutasi Tempat Kerja Baru an Sri Purwaningsih,AMK;26/02/2021;Dian;KEPEGAWAIAN
445/6681/303/2021;Tim Pemindahtanganan, Pemusnahan, dan Penghapusan Barang Milik Daerah Pada RSUD dr Soedono Madiun;10/02/2021;Dian;TU
900/5526/303/2021;Perubahan 7 Tarif PCR Lab Terpadu RSSM;04/02/2021;Dian;UMUM
900/5527/303/2021;Perubahan 7 Tarif PCR Instalasi Merpati RSSM;04/02/2021;Dian;UMUM
445/068/303/2021;Tim Reformasi Birokrasi Pada RSUD dr Soedono Madiun;04/01/2021;Dian;UMUM
445/048/303/2019;Perubahan Komite Etik Dan Hukum RSUD dr Soedono Madiun;02/01/2019;Dian;NULL
800/16391/303/2021;Perubahan Kedua Keputusan Direktur RSUD dr Soedono Madiun tentang Besaran Uang Perjalanan Dinas di Lingkungan RSUD dr Soedono Madiun;19/04/2021;Dian;UMUM
900/18916/303/2021;Perubahan Keputusan Direktur RSUD dr Soedono Madiun tentang Penunjukan dan Pengangkatan Pejabat Pelaksana Teknis Kegiatan (PPTK) RSUD dr Soedono Madiu;30/04/2021;Dian;UMUM
900/20127/303/2021;Teknis Pemberian Tambahan Honorarium Pegawai PTT/PTPK BLUD Non PNS untuk Tunjangan Hari Raya dan Gaji Ketiga Belas RSUD dr Soedono Madiun Tahun 2021;10/05/2021;Dian;NULL
445/21204/303/2021;Tim Mitra Bestari/Peer Group Keperawatan RSSM;21/05/2021;Dian;UMUM
445/24402/303/2021;Perubahan Keputusan Direktur RSUD dr Soedono Madiun Nomor 445/16253/303/2020 tentang Pejabat Pengelola Informasi Dan Dokumentasi (PPID) Pembantu RSUD ;11/06/2021;Dian;UMUM
445/26910/303/2021;Penetapan Jumlah TT Rawat Inap RSSM;30/06/2021;Dian;UMUM
445/30029/303/2021;Tim Tracing RSUD dr Soedono Madiun;12/07/2021;Dian;UMUM
445/30121/303/2021;Komite Koordinasi Pendidikan Tahun 2021  2024;13/07/2021;Dian;DIKLIT
445/27420/303/2021;Penghapusan Pejabat Pemeriksa Hasil Pekerjaan (PjPHP) Dan Panitia Pemeriksa Hasil Pekerjaan (PPHP) RSUD dr Soedono Madiun;01/07/2021;Dian;UMUM
445/28227/303/2021;Penetapan Jumlah TT Rawat Inap RSSM (06072021);06/07/2021;Dian;UMUM
445/30692/303/2021;Penetapan Jumlah TT Rawat Inap RSSM (16072021);16/07/2021;Dian;UMUM
900/31034/303/2021;Perubahan 8 Tarif PCR Lab Terpadu RSSM;19/07/2021;Dian;UMUM
900/31035/303/2021;Perubahan 8 Tarif PCR Instalasi Merpati RSSM;19/07/2021;Dian;UMUM
800/33218/303/2021;Pemotongan Tambahan Penghasilan Bagi Pegawai di Lingkungan RSUD dr. Soedono Madiun;02/08/2021;Dian;UMUM
027/20281/303/2021;Perpanjangan Tenaga Ahli/ Profesional Pelayanan Covid19 Periode Bulan AprilJuni 2021;10/05/2021;Dian;UMUM
445/33219/303/2021;Penetapan Jumlah TT Rawat Inap RSSM (02082021);02/08/2021;Dian;UMUM
445/33801/303/2021;Pembentukan Kelompok Staf Medis Fungsional Komite Medik RSUD dr. Soedono Madiun;05/08/2021;Dian;UMUM
900/35135/303/2021;Perubahan 9 Tarif PCR Lab Terpadu RSSM;18/08/2021;Dian;UMUM
900/35134/303/2021;Perubahan 9 Tarif PCR Instalasi Merpati RSSM;18/08/2021;Dian;UMUM
820/36839/303/2021;Mutasi Tempat Kerja Baru an. Riski Nur Khoiriah,Amd;31/08/2021;Dian;UMUM
820/33249/303/2021;Pengangkatan Dalam Jabatan Ketua Komite Dan Kepala Instalasi RSUD dr. Soedono Madiun;02/08/2021;Dian;TU
445/34028/303/2021;Komite Pencegahan Dan Pengendalian Infeksi (KPPI);06/08/2021;Dian;UMUM
445/34025/303/2021;Komite Farmasi Dan Terapi;06/08/2021;Dian;UMUM
445/34026/303/2021;Komite Keselamatan Dan Kesehatan Kerja RSUD dr. Soedono Madiun;06/08/2021;Dian;UMUM
070/34024/303/2021;Susunan Komite Etik Penelitian Kesehatan;06/08/2021;Dian;UMUM
445/34023/303/2021;Komite Etik Dan Hukum;06/08/2021;Dian;UMUM
445/34022/303/2021;Komite Mutu Dan Keselamatan Pasien ;06/08/2021;Dian;UMUM
445/34021/303/2021;Pembentukan Tim Health Technology Assesment (HTA);06/08/2021;Dian;UMUM
900/1545/KTPS/203.3/2021;Perubahan Keempat Atas Keputusan Gubernur Jawa Timur tentang Penunjukan Dan Pengangkatan Pejabat Pengguna Anggaran, Kuasa Pengguna Anggaran, Kuasa Pen;31/08/2021;Dian;NULL
900/38479/303/2021;Perubahan 10 Tarif PCR Lab Terpadu RSSM;09/09/2021;Dian;UMUM
900/38480/303/2021;Perubahan 10 Tarif PCR Instalasi Merpati RSSM;09/09/2021;Dian;UMUM
445/33839/303/2021;Tim Mitra Bestari Peer Group Keperawatan RSSM Agustus 2021;05/08/2021;Dian;UMUM
445/38163/303/2021;Penetapan Jumlah TT Pelayanan Rawat Inap (08092021);08/09/2021;Dian;UMUM
445/41102/303/2021;Penetapan Jumlah TT Pelayanan Rawat Inap (01102021);01/10/2021;Dian;UMUM
445/41113/303/2021;Tim Asesor, Pejabat Asesor dan Admin Aplikasi SPIP RSSM;01/10/2021;Dian;UMUM
820/45147/303/2021;Pengangkatan Dalam Jabatan Manajerial Keperawatan an Heri Susanto dkk;01/11/2021;Dian;TU
820/44909/303/2021;Mutasi Tempat Kerja Baru an Risma dan Sattvika;28/10/2021;Dian;TU
820/33250/303/2021;Pengangkatan Dalam Jabatan Manajerial Kebidanan an Hana Tri dan Erna;02/08/2021;Dian;TU
820/32915/303/2021;Mutasi Tempat Kerja Baru an Siamik;30/07/2021;Dian;TU
900/45321/303/2021;Pejabat Penatausahaan Barang, Pengurus Barang Aset Dan Pengurus Barang Persediaan RSMM (Perub SK No 900/46261/303/2020);01/11/2021;Dian;UMUM
445/336/303/2021;Area Prioritas RSUD dr Soedono Madiun;05/01/2021;Dian;UMUM
445/336/303/2021;Indikator Mutu RSUD dr Soedono Madiun;05/01/2021;Dian;UMUM
445/45338/303/2021;Penetapan Jumlah TT Rawat Inap (01112021);01/11/2021;Dian;UMUM
900/45162/303/2021;Penunjukan dan Pengangkatan PPTK RSSM (01112021);01/11/2021;Dian;UMUM
820/47886/303/2021;Pengangkatan Jab. Ketua Komite dan Kepala Instalasi RSSM;16/11/2021;Dian;UMUM
445/27437/303/2021;Komite Mutu Dan Keselamatan Pasien (Perubahan No 445/23552/303/2020);01/07/2021;Dian;UMUM
445/48968/303/2021;Tim Asesor, Pejabat Asesor dan Admin Aplikasi Sistem Pengendalian Intern Pemerintah (SPIP) RSUD dr Soedono Madiun;22/11/2021;Dian;UMUM
445/50728/303/2021;Penetapan Jumlah TT Rawat Inap RSSM (01122021);01/12/2021;Dian;UMUM
445/47825/303/2021;Komite Tenaga Kesehatan Lain;16/12/2021;Dian;UMUM
445/40107/303/2021;Pemberian Bantuan Biaya Pendidikan Dan Biaya Hidup Bagi Tenaga PNS Yang Melaksanakan Tugas Belajar Di RSUD dr Soedono MadiunTahun 2021;23/09/2021;Dian;UMUM
445/37081/303/2021;Pemberian Bantuan Biaya Pendidikan Dan Biaya Hidup Bagi Pegawai Tidak Tetap BLUD Non PNS Yang Melaksanakan Tugas Belajar Di RSUD dr Soedono MadiunTahu;01/09/2021;Dian;UMUM
445/50749/303/2021;Perubahan Tim Akreditasi RSUD dr Soedono Madiun;01/12/2021;Dian;UMUM
800/51866/303/2021;Tim Penyusunan SKP RSUD dr Soedono Madiun;08/12/2021;Dian;UMUM
820/54060/303/2021;Mutasi Tempat Kerja Baru an Erruliya dkk;30/12/2021;Dian;NULL
821.2/54059/303/2021;Pengangkatan Dalam Jabatan an Agus Priyanto ;30/12/2021;Dian;NULL
700/377/303/2022;Satuan Pengawas Internal (SPI) RSSM Masa Bakti Tahun 2022 2025;03/01/2022;Dian;UMUM
900/138/303/2022;Penetapan Uang Persediaan Dana Fungsional RSUD dr Soedono Madiun Tahun Anggaran 2022;03/01/2022;Dian;UMUM
445/381/303/2022;Siaga Lapis I dan II Tenaga Keperawatan RSSM ;03/01/2022;Dian;UMUM
445/139/303/2022;Penunjukan Verifikator (Penanggung Jawab) dan Operator Portal Satu Data (SATA) Jatim di RSSM;03/01/2022;Dian;UMUM
900/42608/303/2021;Tarif Pelayanan Kesehatan Klinik Estetika Dan Klinik Mata Rawat Jalan Di RSSM;14/10/2021;Dian;NULL
900/47529/303/2021;Tarif Pelayanan kesehatan Klinik Syaraf Dan Klinik Kulit Dan Kelamin Rawat Jalan Di RSSM;15/11/2021;Dian;NULL
900/389/102.9/2022;Penunjukan dan Pengangkatan PPTK RSSM Thn 2022;03/01/2022;Dian;UMUM
900/390/102.9/2022;Pelaksana Admin Keu/ Kegiatan dan Pemb PPTK RSSM Thn 2022;03/01/2022;Dian;UMUM
900/391/102.9/2022;PPK BLUD dan Pelaksana Kegiatan Admin Keu RSSM Thn 2022;03/01/2022;Dian;UMUM
900/54509/303/2021;Pejabat Penatausahaan Barang, Pengurus Barang Aset dan Pengurus Barang Persediaan RSSM Thn 2022;31/12/2021;Dian;UMUM
445/4066/102.9/2022;Penetapan Jumlah TT Rawat Inap (01022022);31/01/2022;Dian;UMUM
700/44556/303/2020;Tim Pengendalian Gratifikasi Dan Kecurangan Pada RSUD dr Soedono Madiun;04/12/2020;Dian;NULL
445/533/102.9/2022;Pengangkatan Pengurus/ Takmir Masjid Asy Syifa RSUD dr Soedono Madiun;04/01/2022;Dian;UMUM
700/534/102.9/2022;Tim Pengendalian Gratifikasi Dan Sponsorship Pada RSUD dr Soedono Madiun 2022;04/01/2022;Dian;UMUM
0;Surat Kuasa PPTK (Kuswanto, S.Kep.M.Kes);14/02/2022;Dian;NULL
900/4342/102.9/2022;Perub Tarif Pemeriksaan Dokter Dan Biaya Administrasi RSSM;14/02/2022;Dian;UMUM
445/4095/102.9/2022;Pembentukan IHPPK RSUD dr Seodono Madiun;02/02/2022;Dian;UMUM
445/4328/102.9/2022;Pengangkatan Dalam Jabatan Kepala IHPPK RSUD dr Soedono Madiun;02/02/2022;Dian;UMUM
445/5975/102.9/2022;Tim Pelaksanaan Vaksinasi Dalam Rangka Penanggulangan Pandemi Covid19 Di RSUD dr Soedono Madiun;14/02/2022;Dian;TU
445/6152/102.9/2022;Penetapan Jumlah TT Rawat Inap (31012022);14/02/2022;Dian;TU
445/7447/102.9/2022;Penetapan Jumlah TT Rawat Inap (24022022);24/02/2022;Dian;TU
445/689/102.9/2022;Pejabat PPID Pelaksana RSUD dr Soedono Madiun;05/01/2022;Dian;TU
445/8083/102.9/2022;Tim Perjanjian Kerja Sama Dengan Pihak Ketiga (TIM PKS);01/03/2022;Dian;TU
900/5226/102.9/2022;Perubahan Tarif Pelayanan Kesehatan Klinik Jantung Dan Klinik Gigi Dan Mulut Rawat Jalan Di RSUD dr Soedono Madiun;14/02/2022;Dian;TU
900/526/102.9/2022;Penetapan Struktur Organisasi Pengelola Anggaran BTT Pada RSUD dr Soedono Madiun;04/01/2022;Dian;TU
445/7914/102.9/2022;Perubahan Tim Akreditasi RSUD dr Soedono Madiun 2022;01/03/2022;Dian;TU
445/8093/102.9/2022;Komite K3 RSUD dr Soedono Madiun;01/03/2022;Dian;TU
900/699/102.9/2022;Pelaksanaan Kegiatan Pembangunan Strategis/ Prioritas di RSUD dr Soedono Madiun;05/01/2022;Dian;TU
900/8092/102.9/2022;Pembentukan Tim Tarif RSUD dr Soedono Madiun;01/03/2022;Dian;TU
445/8089/102.9/2022;Pemberlakuan Susunan Organisasi KPPI RSUD dr Soedono Madiun;01/03/2022;Dian;TU
445/8090/102.9/2022;Infection Prevention And Control Nurse (IPCN) Purna Waktu RSUD dr Soedono Madiun;01/03/2022;Dian;TU
445/8091/102.9/2022;Infection Prevention And Control Link Nurse (IPCLN) RSUD dr Soedono Madiun;01/03/2022;Dian;TU
900/566/102.9/2022;Pelimpahan Kewenangan PPKom RSUD dr ;03/01/2022;Dian;TU
445/7698/102.9/2022;Agen Perubahan di RSUD dr Soedono Madiun;24/02/2022;Dian;TU
445/14329/102.9/2022;Penetapan Jumlah TT Pelayanan Rawat Inap (01042022);01/04/2022;Dian;TU
900/14464/102.9/222;Sekretaris Dewan Pengawas Pelaksana Pola Pengelolaan Keuangan Badan Layanan Umum Daerah RSUD dr Soedono Madiun;01/04/2022;Dian;TU
900/498/102.9/2022;Honorarium Dewan Pengawas BLUD dr Soedono Madiun;03/01/2022;Dian;TU
900/388/303/2022;Tatanan Perhitungan Jasa Pelayanan Instalasi Merpati di RSUD dr Soedono Madiun;03/01/2022;Dian;TU
900/4440/303/2022;Perubahan Tatanan Perhitungan Jasa Pelayanan Instalasi Merpati di RSUD dr Soedono Madiun;03/02/2022;Dian;TU
445/      /102.9/2022;Formularium X Dr Soedono Madiun Tahun 2022;01/04/2022;Dian;NULL
070/17901/102.9/2022;Susunan Komite Etik Penelitian Kesehatan RSUD dr Soedono Madiun;22/04/2022;Dian;TU
445/17488/102.9/2022;Penetapan Jumlah TT Pelayanan Rawat Inap (21042022);21/04/2022;Dian;TU
445/11858/102.9/2022;Sarana Prasarana Fasilitas Pendidikan Dan Pemanfaatan di RSSM;16/03/2022;Dian;TU
445/11857/102.9/2022;Kapasitas Penerimaan Peserta Didik di RSSM;16/03/2022;Dian;TU
445/24033/102.9/2022;Pedoman Pelaksanaan Penelitian Klinik RSUD dr. Soedono Madiun;03/06/2022;Dian;NULL
900/14358/102.9/2022;Susunan PPK BLUD, Pembantu PPK BLUD, Pembantu Bendahara Pengeluaran, SIPPOL, E Master, E Budgeting/ E Planning/ SIPD dan Pelaksana Kegiatan Administra;01/04/2022;Dian;NULL
445/19728/102.9/2022;Pembentukan dan Penetapan Tim Re Akreditasi RS Pendidikan Utama Fakultas Kedokteran UII Yogyakarta di RSUD dr. Soedono Madiun;10/05/2022;Dian;NULL
445/19739/102.9/2022;Panduan Penyusunan dan Evaluas iKerja Sama RSUD dr. Soedono Madiun;10/05/2022;Dian;NULL
445/7707/102.9/2022;STANDAR PELAYANAN PUBLIK Dl RSUD dr. SOEDONO MADIUN;24/02/2022;Dian;NULL
445/24623/102.9/2022;TIM ASESOR, PEJABAT ASESOR, DAN ADMIN APLIKASI SISTEM PENGENDALIAN INTERN PEMERINTAH (SPIP) RSUD dr. SOEDONO MADIUN 2022;08/06/2022;Dian;NULL
445/11680/102.9/2022;Penetapan Peraturan Internal Staf Medis (Medical STAFF BY LAWS) ;15/03/2022;Dian;NULL
900/43802/102.9/2022;HONORARIUM NARASUMBER RAPAT EVALUASI DAN PERCEPATAN PELAKSANAAN APBD TAHUN 2022;02/08/2022;Dian;NULL
900/47.894/1 02.912022;HONORARIUM NARASUMBER CITIZEN CHARTER TAHUN 2022;22/08/2022;Dian;NULL
445/29516/102.9/2022;TIM KREDENSIAL TENAGA KESEHATAN LAIN RSUD dr. SOEDONO MADIUN;04/07/2022;Dian;NULL
445/50278/102.9/2022;PENETAPAN JUMLAH TEMPAT TIDUR PELAYANAN RAWAT INAP RSUD dr. SOEDONO MADIUN;05/09/2022;Dian;NULL
445/47890/102.9/2022;PENETAPAN JUMLAH TEMPAT TIDUR PELAYANAN RAWAT INAP RSUD dr. SOEOONO MADIUN;22/08/2022;Dian;NULL
445/29516/102.9/2022;TIM KREDENSIAL TENAGA KESEHATAN LAIN RSUD dr. SOEDONO MADIUN;04/07/2022;Dian;NULL
820/23374/102.9/2022;Pembentukan Instalasi/ Unit Pelayanan Medik dan Keperawatan di RSUD dr. Soedono Madiun;31/05/2022;Dian;NULL
445/22.579/102.9/2022;DAFTAR RISIKO RSUD dr. SOEDONO PROVINSI JAWA TIMUR;31/12/2021;Dian;TU
900/56784/102.9/2022;TARIF SEWA GEDUNG / RUANG PERTEMUAN RSUD dr. SOEDONO;10/10/2022;Dian;TU
445/006/102.9/2023;PENETAPAN JUMLAH TEMPAT TIDUR PELAYANAN KELAS RAWAT INAP STANDAR JAMINAN KESEHATAN NASIONAL Di RSUD dr. SOEDONO;02/01/2023;Dian;TU
445/54610/303/2021;Penggunaan Bahan Bakar Minyak Operasional Kendaraan Dinas Pada Perjalanan Dinas di Lingkungan RSUD dr. Soedono Madiun;31/12/2021;Dian;TU
900/640/102.9/2023;Tarif Sewa Gedung/ Ruang Pertemuan RSUD dr. Soedono;03/01/2023;Dian;TU
445/4497/102.9/2023;Pemberlakuan Pembayaran Iur Bea Pasien BPJS di Instalasi Paviliun Merpati RSUD dr. Soedono Provinsi Jawa Timur;23/01/2023;Dian;TU
900/308/102.9/2023;Pelaksana Program, Kegiatan dan Sub Kegiatan Pejabat Pelaksana Teknis Kegiatan RSUD dr. Soedono;02/01/2023;Dian;TU
900/012/102.9/2023;SUSUNAN PEJABAT PENATAUSAHAAN KEUANGAN (PPK.BLUD), PEJABAT PELAKSANA TEKNIS KEGIATAN (PPTK), PELAKSANA ADMINISTRASI KEUANGAN, OPERATOR APLIKASI SISTEM;02/01/2023;Dian;TU
900/305/102.9/;Pejabat Yang Memerintahkan Pembayaran di RSUD dr. Soedono Provinsi Jawa Timur;02/01/2023;Dian;TU
445/5270/102.9/2023;TENAGA KESEHATAN KELOMPOK RESIKO RSUD dr. SOEDONO PROVINSI JAWA TIMUR;27/01/2023;Dian;TU
445/5584/102.9/2023;Penunjukan Petugas Person In Charge (PIC) Mobile JKN di RSUD dr. Soedono Madiun;30/01/2023;Dian;TU
900/1697/102.9/2023;Susunan Pejabat Keuangan (PPKBLUD), Pejabat Pelaksana Teknis Kegiatan (PPTK), Pelaksana Administrasi Keuangan, Operator Aplikasi Sistem Informasi dan ;09/01/2023;Dian;TU
445/63431/102.9/2022;Tim Pelayanan Kerohanian di Rumah Sakit Umum Daerah dr. Soedono;08/11/2022;Dian;NULL
900/ 308/102.9/2023;PELAKSANAAN PROGRAM, KEGIATAN DAN SUB KEGIATAN PEJABAT PELAKSANA TEKNIS KEGIATAN RSUD dr. SOEDONO;02/01/2023;Dian;TU
900/7963/102.9/2023;PERUBAHAN KEDUA SUSUNAN PEJABAT PENATAUSAHAAN KEUANGAN (PPKBLUD), PEJABAT PELAKSANA TEKNIS KEGIATAN (PPTK), PELAKSANA ADMINISTRASI KEUANGAN, OPERATOR ;10/02/2023;Dian;TU
900/1.702/102.9/2023;Pejabat Yang Memerintahkan Pembayaran di RSUD dr. Soedono Provinsi Jawa Timur;09/01/2023;Dian;TU
900/8343/102.9/2023;Honorrarium Narasumber Rapat Koordinasi Kebijakan Pemberian Tambahan Penghasilan dan Formasi ASN 2023;14/02/2023;Dian;TU
445/2.666/102.9/2022;TIM PEMINDAHTANGANAN, PEMUSNAHAN DAN PENGHAPUSAN BARANG MILIK DAERAH PADA RSUD dr. SOEDONO MADIUN;20/01/2022;Dian;TU
900/8434/102.9/2023;Honorarium Narasumber Rapat Koordinasi Kebijakan Pemberian Tambahan Penghasilan dan Formasi ASN 2023;14/02/2023;Dian;NULL
445/67003/102.9/2022;Penetapan Jumlah Tempat Tidur Pelayanan Rawat Inap RSUD dr. Soedono;21/11/2022;Dian;NULL
445/8.046/102.9/2023;Pejabat Pengelola Informasi dan Dokumentasi (PPID) Pelaksana RSUD dr. Soedono Provinsi Jawa Timur;13/02/2023;Dian;TU
820/1706/102.9/2023;Pengangkatan Dalam Jabatan Kepala Instalasi Mawar RSUD dr. Soedono;09/01/2023;Dian;NULL
824.3/566/204/2023;Mutasi Pegawai an. NORIAN DINI DEWI SALYASTARI, S.Kom.;16/02/2023;Dian;NULL
445/7234/102.9/2023;Perubahan Komite Keselamatan dan Kesehatan Kerja  RSUD dr. Soedono Provinsi Jawa Timur;08/02/2023;Dian;NULL
445/9001/102.9/2023;Tim Pelayanan Kerohanian di RSUD dr. Soedono ;17/02/2023;Dian;NULL
445/59.684/102.9/2022;Visi, Misi, Motto dan Nilai  RSUD dr. Soedono;24/10/2022;Dian;NULL
900/ 55.280 /102.9/2022;Penunjukan dan Pengangkatan Pejabat Pelaksana Teknis Kegiatan (PPTK) Kegiatan Bantuan Lainnya Dalam Bentuk Uang Untuk Pemenuhan Prasarana dan Alat Kes;30/09/2022;Dian;NULL
445/1708/102.9/2023;Tim Pembangunan Zona Integritas RSUD dr. Soedono Provinsi Jawa Timur;09/01/2023;Dian;NULL
445/13125/102.9/2023;Unit Pengumpul Zakat (UPZ) di RSUD dr. Soedono;13/03/2023;Dian;TU
800/13536/102.9/2023;Efisiensi Perjalanan Dinas di Lingkungan RSUD dr. Soedono;15/03/2023;Dian;NULL
188/26/KPTS/203.5/2023;Penunjukan dan Pengangkatan Pejabat Pengelola Barang Milik Daerah (BMD) Pada Perangkat Daerah di Lingkungan Pemerintah Provinsi Jawa Timur;02/01/2023;Dian;NULL
445/1716/102.9/2023;Pemberian Bantuan Biaya Pendidikan dan Biaya Hidup Bagi Pegawai Tidak Tetap Dengan Perjanjian Kerja (PTTPK) di RSUD dr. Soedono yang Melaksanakan Tuga;09/01/2023;Dian;NULL
445/1717/102.9/2023;Pemberian Bantuan Biaya Pendidikan dan Biaya Hidup Bagi Pegawai Negeri Sipil di RSUD dr. Soedono Provinsi Jawa Timur Yang Melaksanakan Tugas Belajar P;09/01/2023;Dian;NULL
445/1708/102.9/2023;Pemberian Bantuan Biaya Pendidikan dan Biaya Hidup Bagi Pegawai Tidak Tetap Dengan Perjanjian Kerja (PTTPK) di RSUD dr. Soedono Provinsi Jawa Timur Ya;09/01/2023;Dian;NULL
445/1719/102.9/2023;Pemberian BantuanBiaya Pendidikan dan Biaya Hidup Bagi Pegawai Negeri Sipil di RSUD dr. Soedono Provinsi Jawa Timur Yang Melaksanakan Tugas Belajar Pr;09/01/2023;Dian;NULL
445/1709/102.9/2023;Pemberian Bantuan Biaya Pendidikan dan Biaya Hidup Bagi Pegawai Negeri Sipil di RSUD dr. Soedono Provinsi Jawa Timur Yang Melaksanakan Tugas Belajar P;09/01/2023;Dian;NULL
445/1718/102.9/2023;Pemberian Bantuan Biaya Pendidikan dan Biaya Hidup Bagi Pegawai Negeri Sipil di RSUD dr. Soedono Provinsi Jawa Timur Yang Melaksanakan Tugas Belajar P;09/01/2023;Dian;NULL
445/1715/102.9/2023;Pemberian Bantuan Biaya Pendidikan dan Pelatihan Subspesialis Hemato Onkologi Bagi Pegawai Negeri Sipil di RSUD dr. Soedono (dr. Suyoso);09/01/2023;Dian;NULL
440/II/KTPS/102.1/2022;Penunjukan dan Pengangkatan Pejabat Pembuat Komitmen, Pejabat Pengadaan dan Tim Teknis di RSUD dr. Soedono Madiun;03/01/2022;Dian;NULL
445/59571/102.9/2022;Tim Penyusutan Arsip RSUD dr. Soedono;24/10/2022;Dian;NULL
445/23285/102.9/2023;Tim Pengelola SIBEKISAR (Sistem Integritas Bersama Kinerja Implementasi Budaya CETTAR) RSUD dr. Soedono Provinsi Jawa Timur;31/05/2023;Dian;NULL
900/16649/102.9/2023;Pemberian Tambahan Honorarium Pegawai BLUD Non PNS Untuk Tunjangan Hari Raya dan Gaji ke 13 RSUD dr. Soedono Tahun 2023;10/04/2023;Dian;NULL
188/574/KTPS/013/2021;Penerapan Inovasi Daerah Provinsi Jawa Timur;20/09/2021;Dian;NULL
445/11164/303/2018;Struktur Organisasi Instalasi Hemodialisis;14/05/2018;Dian;NULL
445/42146/102.9/2022;Perubahan Struktur Organisasi Instalasi Dialisis;25/07/2022;Dian;NULL
800/41933/102.9/2023;EFISIENSI PERJALANAN DINAS DI LINGKUNGAN RSUD dr. SOEDONO;01/11/2023;Dian;NULL
100.3/30855/102.9/2023;Komite Etik dan Hukum;01/08/2023;Dian;NULL
800.2/38421/102.9/2023;Tim Pelaksana Proyek Perubahan Pusat Pendidikan dan Pelatihan Rumah Sakit (Hospital Training Center);03/10/2023;Dian;NULL
900/1697/102.9/2023;SUSUNAN PEJABAT PENATAUSAHAAN KEUANGAN (PPK BLUD), PEJABAT PELAKSANA TEKNIS KEGIATAN (PPTK), PELAKSANA ADMINISTRASI KEUANGAN OPERATOR APLIKASI SISTEM ;09/01/2023;Dian;NULL
400.3.1/42.422/102.9/2023;KRITERIA DAN HONORARIUM NARASUMBER PELATIHAN DI LINGKUNGAN RSUD dr. SOEDONO PROVINSI JAWA TIMUR;01/11/2023;Dian;NULL
900/22032/102.9/2023;TARIF PELAYANAN CATHLAB Dl RSUD dr. SOEDONO MADIUN;24/05/2022;Dian;NULL
800/37377/102.9/2023;Susunan Komite Etik Penelitian Kesehatan RSUD dr. Soedono Prov Jatim;21/09/2023;Dian;NULL
900/42889/102.9/2023;Pelaksanaan Program Kegiatan dan Sub Kegiatan Pejabat Pelaksana Teknis Kegiatan RSUD dr. Soedono;07/11/2023;Dian;NULL
188/140/KTPS/103/2023;Perubahan SK Gubernur tentang Pejabat Pengguna Anggaran, Kuasa Pengguna Anggaran BLUD Unit SKPD;24/03/2023;Dian;NULL
400.7/ 43633 /102.9/2023;PENETAPAN JUMLAH TEMPAT TIDUR PELAYANAN RAWAT INAP RSUD dr. SOEDONO;13/11/2023;Dian;NULL
445/1699/102.9/2023;TIM IMPLEMENTASI REMUNERASI RSUD dr. SOEDONO;09/01/2023;Dian;KEUANGAN
800.1.10.3/49732/102.9/2023;TIM IMPLEMENTASI REMUNERASI RSUD dr. SOEDONO;18/12/2023;Dian;TU
000.8.1.1 / 50.507 / 102.9 / 2023;SUSUNAN KOMITE ETIK PENELITIAN KESEHATAN RSUD dr. SOEDONO PROVINSI JAWA TIMUR;27/12/2023;Dian;KEPEGAWAIAN
000.8.1.1 / 50.509 / 102.9 / 2023;SUSUNAN KEPENGURUSAN KOMITE MEDIK RSUD dr. SOEDONO PROVINSI JAWA TIMUR MASA BAKTI TAHUN 2024 2026;27/12/2023;Dian;KEPEGAWAIAN
000.8.1.1 / 50.508 / 102.9 / 2023;PENETAPAN KETUA KOMITE MEDIK RSUD dr. SOEDONO PROVINSI JAWA TIMUR MASA BAKTI TAHUN 2024 2026;27/12/2023;Dian;KEPEGAWAIAN
900/10/102.9/2023;Susunan Pejabat Penatausahaan Keuangan (PPK BLUD) dan Pejabat Pelaksana Teknis Kegiatan (PPTK) RSUD dr. Soedono;02/01/2024;Dian;NULL
800.1.3/50769/102.9/2023;Mutasi Tempat Kerja Baru an. Endry Lidia dkk;29/12/2023;Dian;UMUM
000.3/362/102.1/2024;Penunjukkan dan Pengangkatan PPKom, Pejabat Pengadaan dan Tim Teknis Pada Rumah Sakit Daerah dr. Soedono Madiun;10/01/2024;Dian;TU
700/71/102.9/2024;Satuan Pengawas Internal (SPI) RSUD dr. Soedono Masa Bakti 2024  2025;02/01/2024;Dian;TU
000.1.4/173/102.9/2024;Penggunaan Bahan Bakar Kendaraan Dinas Operasional di Lingkungan RSUD dr. Soedono;02/01/2024;Dian;TU
900/4132/102.9/2024;Perubahan Susunan Pelaksana Administrasi Keuangan dan Pengelola Barang Aset RSUD dr. Soedono;01/02/2024;Dian;TU
100.3.8/4346/102.9/2024;Tim Pencari Fakta Hari Jadi RSUD dr. Soedono;02/02/2024;Dian;TU
000.5.6.2/51/102.9/2024;Tim Penilai dan Pemusnah Arsip;02/01/2024;Dian;TU
100.3.3.1/39/KPTS/203.5/2024;Penunjukan dan Pengangkatan Pejabat Pengelola Barang Milik Daerah (BMD) pada Perangkat Daerah di Lingkungan Pemprov Jatim;01/01/2024;Dian;NULL
800.1 / 6499 / 102.9 / 2024;Pembebastugasan Dalam Jabatan Kepala Instalasi RSUD dr. Soedono (Ruang Mawar dan IKF) ;23/02/2024;Dian;KEPEGAWAIAN
800.1 / 6496 / 102.9 / 2024;Pembebastugasan Dalam Jabatan Ketua Kelompok Staf Medis Fungsional Komite Medik RSUD dr. Soedono;23/02/2024;Dian;KEPEGAWAIAN
800.1 / 6498 / 102.9 / 2024;Pembebastugasan Dalam Jabatan Kepala Instalasi RSUD dr. Soedono (IKF);23/02/2024;Dian;KEPEGAWAIAN
800.1 / 6500 / 102.9 / 2024;Pengangkatan Dalam Jabatan Kepala Instalasi RSUD dr. Soedono (Ruang Mawar);23/02/2024;Dian;KEPEGAWAIAN
800.1 / 6497 / 102.9 / 2024;Pengangkatan Dalam Jabatan Ketua Kelompok Staf Medis Fungsional Komite Medik RSUD dr. Soedono;23/02/2024;Dian;KEPEGAWAIAN
300.2.1/ 38.341 /102.9/2023;Tim Siaga Bencana di Lingkungan RSUD dr. Soedono;02/10/2023;Dian;NULL
400.7/11894/102.9/2024;Penetapan Jumlah Tempat Tidur Pelayanan Rawat Inap RSUD dr. Soedono;28/03/2024;Dian;NULL
300.2.1/ 186 /102.9/2024;PANDUAN HOSPITAL DISASTER PLAN RSUD dr. SOEDONO;03/01/2024;Dian;NULL
400.7/ 21471 /102.9/2024;PENETAPAN EMERGENCY MEDICAL TEAM (EMT) RSUD dr. SOEDONO ;19/06/2024;Dian;NULL
 400.7/ 21198 /102.9/2024;PENETAPAN JUMLAH TEMPAT TIDUR PELAYANAN RAWAT INAP RSUD dr. SOEDONO;14/06/2024;Dian;NULL
900/ 17.639 /102.9/2024;TATANAN PERHITUNGAN REMUNERASI BAGI DOKTER PADA BADAN LAYANAN UMUM DAERAH RSUD dr. SOEDONO PROVINSI JAWA TIMUR;30/04/2024;Dian;NULL
400.7/11894/102.9/2024;PENETAPAN JUMLAH TEMPAT TIDUR PELAYANAN RAWAT INAP RSUD dr. SOEDONO;28/03/2024;Dian;NULL
800.2/599/102.9/2024;PEMBENTUKAN TIM PENGELOLA SISTEM AKUNTABILITAS KINERJA INSTANSI PEMERINTAH (SAKIP) DI RSUD dr. SOEDONO PROVINSI JAWA TIMUR;08/01/2024;Dian;NULL
 400.3.1/ 11929 /102.9/2024;KRITERIA DAN HONORARIUM TIM PENDAMPINGAN HUKUM/TEKNIS DI LINGKUNGAN RSUD dr. SOEDONO PROVINSI JAWA TIMUR;28/03/2024;Dian;NULL
900/ 12.280 /102.9/2024;PERUBAHAN SUSUNAN PELAKSANA ADMINISTRASI KEUANGAN, OPERATOR APLIKASI SISTEM INFORMASI, DAN PENGURUS GAJI RSUD dr. SOEDONO;01/04/2024;Dian;NULL
000.5.6.2/51/102.9/2024;TIM PENILAI DAN PEMUSNAH ARSIP RSUD dr. SOEDONO;02/01/2024;Dian;NULL
500.11.27/ 16877 /102.9/2024 ;KOMITE KESELAMATAN DAN KESEHATAN KERJA (K3) RSUD dr. SOEDONO ;14/05/2024;Dian;NULL
800/ 19676 /102.9/2024;PEMBERIAN UANG HARIAN PERJALANAN DINAS LUAR KOTA BAGI PENGEMUDI OUTSOURCHING DI RSUD DR. SOEDONO;04/06/2024;Dian;NULL
100.3.3.4/25/KPTS/013/2024;PENUNJUKAN KETUA TIM KERJA DI LINGKUNGAN RUMAH SAKIT UMUM DAERAH dr. SOEDONO TAHUN2024;08/03/2024;Dian;NULL
400.7/ 27326 /102.9/2024;PENETAPAN JUMLAH TEMPAT TIDUR PELAYANAN RAWAT INAP RSUD dr. SOEDONO;01/08/2024;Dian;NULL
 100.3.3.1/600/102.9/2024;PENETAPAN MAKLUMAT PELAYANAN INFORMASI PUBLIK RSUD dr. SOEDONO PROVINSI JAWA TIMUR;08/01/2024;Dian;NULL
900/32.141/102.9/2024;mendukung efektifitas kelancaran tugas, tertib administrasi, pengawasan dan evaluasi dalam rangka pengelolaan barang serta anggaran di Lingkungan RSUD;02/09/2024;Dian;NULL
900/32.142/102.9/2024;PERUBAHAN KEDUA SUSUNAN PELAKSANA ADMINISTRASI KEUANGAN, OPERATOR APLIKASI SISTEM INFORMASI, DAN PENGURUS GAJI RSUD dr. SOEDONO;02/09/2024;Dian;NULL
000.5.6.2/32.502/102.9/2024;PEMUSNAHAN ARSIP REKAM MEDIS DAN ARSIP RESEP RSUD dr. SOEDONO;04/09/2024;Dian;NULL
000.3/3841/KPTS/102.1/2024;PERUBAHAN ATAS KEPUTUSAN KEPALA DINAS KESEHATAN PROVINSI JAWA TIMUR NOMOR OOO .3/362/102.1/2024 TENTANG PENUNJUKAN DAN PENGANGKATAN PEJABAT PEMBUAT KO;09/09/2024;Dian;NULL
445/533/102.9/2022;PENGANGKATAN PENGURUS/TAKMIR MASJID ASY SYIFA RSUD dr. SOEODNO MADIUN;04/01/2022;Dian;NULL
100.3.3.1/37311/102.9/2024;PENETAPAN MAKLUMAT PELAYANAN RUMAH SAKIT UMUM DAERAH dr. SOEDONO ;09/10/2024;Dian;NULL
900/37736/102.9/2024;SUSUNAN PEJABAT PENATAUSAHAAN KEUANGAN (PPKBLUD) DAN PEJABAT PELAKSANAN TEKNIS KEGIATAN (PPTK) RSUD dr.SOEDONO ;07/10/2024;Dian;NULL
445/20051/303/2018;PERUBAHAN KOMITE KOORDINASI PENDIDIKAN (KOMKORDIK);10/08/2018;Dian;NULL
445/30.121/303/2021;KOMITE KOORDINASI PENDIDIKAN TAHUN 20212024;13/07/2021;Dian;NULL
800/ 63 /102.9/2024;EFISIENSI PERJALANAN DINAS DI LINGKUNGAN RSUD dr. SOEDONO;02/01/2024;Dian;NULL
800.2/35755/102.9/2024;KUALIFIKASI SUMBER DAYA MANUSIA (SDM) KESEHATAN INSTITUSI PENYELENGGARA PELATIHAN BIDANG KESEHATAN RSUD dr. SOEDONO PROVINSI JAWA TIMUR ;27/09/2024;Dian;NULL
800.2/35758/102.9/2024;TIM AKREDITASI INSTITUSI PENYELENGGARA PELATIHAN BIDANG KESEHATAN RSUD dr. SOEDONO PROVINSI JAWA TIMUR;27/09/2024;Dian;NULL
800.2/20630/102.9/2024 ;PERUBAHAN TIM SEKRETARIAT AKREDITASI INSTITUSI PENYELENGGARA PELATIHAN BIDANG KESEHATAN RSUD dr. SOEDONO PROVINSI JAWA TIMUR;11/06/2024;Dian;NULL
400.7/ 24244 /102.9/2024;PENETAPAN KETUA KOMITE KOORDINASI PENDIDIKAN RSUD dr. SOEDONO PROVINSI JAWA TIMUR MASA BAKTI TAHUN 20242027;12/07/2024;Dian;NULL
000.3/3705/ KPTS/102.1/2024;PERUBAHAN KEDUA  ATAS KEPUTUSAN KEPALA DINAS KESEHATAN PROVINSI JAWA TIMUR NOMOR OOO .3 / 362 / 1O2.1 / 2024 TENTANG PENUNJUKAN DAN PENGANGKATAN PEJAB;28/10/2024;Dian;NULL
100.3.7.1/35757/102.9/2024;KEPUTUSAN BERSAMA  ANTARA RSUD dr. SOEDONO PROVINSI JAWA TIMUR DENGAN RSUD dr. SOEDIRAN MANGUN SUMARSO WONOGIRI DAN FAKULTAS KEDOKTERAN UNIVERSITAS IS;27/09/2024;Dian;NULL
NOMOR 31 TAHUN 2024;TATA NASKAH DINAS;30/10/2024;Dian;NULL
188/670/KPTS/013/2023;TIM REAKSI CEPAT PENANGGULANGAN BENCANA PROVINSI JAWA TIMUR;11/12/2024;Dian;NULL
445/42.567/102.9/2022;PEDOMAN PERILAKU PEGAWAI (coDE oF ooNDUCT);27/07/2022;Dian;NULL
 000.8.3.1/41390/102.9/2024;PENETAPAN PROSES BISNIS RSUD dr. SOEDONO;30/10/2024;Dian;NULL
400.7/ 40700 /102.9/2024;PENETAPAN JUMLAH TEMPAT TIDUR PELAYANAN RAWAT INAP RSUD dr. SOEDONO;28/10/2024;Dian;NULL
400.7.3.5/41930/102.9/2024;KOMITE KOORDINASI PENDIDIKAN TAHUN 20242027;01/11/2024;Dian;NULL
 000.3/3705/ KPTS/102.1/2024;PERUBAHAN KEDUA ATAS KEPUTUSAN KEPALA DINAS KESEHATAN PROVTNST JAWA TrMUR NOMOR OOO .3 / 362 / lO2.l / 2024 TENTANG PENUNJUKAN DAN PENGANGKATAN PE.IAB;30/09/2024;Dian;NULL
700/45949/102.9/2024;SATUAN PENGAWAS INTERNAL (SPI) RSUD dr. SOEDONO MASA BAKTI 20252028;25/12/2024;Dian;NULL
400.7.3.5/41930/102.9/2024;KOMITE KOORDINASI PENDIDIKAN TAHUN 20242027;01/11/2024;Dian;NULL
400.7/41927/102.9/2024;PENUGASAN TENAGA PENGAJAR KLINIK (PENDIDIK, PEMBIMBING DAN SUPERVISOR KLINIK) DI RSUD dr. SOEDONO;01/11/2024;Dian;NULL
 000.8.1.1 / 50739 / 102.9 / 2024;PENETAPAN HONORARIUM DAN TUNJANGAN KESEJAHTERAAN BAGI PEGAWAI BADAN LAYANAN UMUM DAERAH (BLUD) NON PNS DI RSUD dr. SOEDONO TAHUN ANGGARAN 2025;24/12/2024;Dian;NULL
800.1 / 41680 / 102.9 / 2024;PERUBAHAN PEMBENTUKAN KELOMPOK STAF MEDIS FUNGSIONAL KOMITE MEDIK RSUD dr. SOEDONO;31/10/2024;Dian;NULL
900/129/102.9/2025;PENETAPAN UANG PERSEDIAAN DANA FUNGSIONAL RSUD dr. SOEDONO MADIUN TAHUN ANGGARAN 2025;02/12/2024;Dian;NULL
900/1414/102.9/2025;TIM PENYUSUN RENCANA STRATEGIS BADAN LAYANAN UMUM DAERAH (RENSTRABLUD) RSUD dr. SOEDONO MADIUN TAHUN 20252029;13/01/2025;Dian;NULL
100.3.3.1/3/013/2025;PENUNJUKKAN DAN PENGANGKATAN PE.JABAT PENGGUNA ANGGARAN, KUASA PENGGUNA ANGGARAN, KUASA PENGGUNA ANGGARAN BLUD UNIT SKPD DAN KUASA PENGGUNA ANGGARAN B;02/01/2025;Dian;NULL
100.3.3.1/4/013/2025;PENUNJUKKAN DAN PENGANGKATAN BENDAHARA PENERIMAAN DAN BENDAHARA PENERIMAAN PEMBANTU, BENDAHARA PENERIMAAN PEMBANTU BLUD UNIT SKPD, DAN BENDAHARA PENER;02/01/2025;Dian;NULL
100.3.3.1/5/013/2025;PENUNJUKKAN DAN PENGANGKATAN BENDAHARA PENGELUARAN DAN BENDAHARA PENGELUARAN PEMBANTU, BENDAHARA PENGELUARAN PEMBANTU BLUD UNIT SKPD, DAN BENDAHARA PE;02/01/2025;Dian;NULL
000.3/5001/KPTS/102.1/2024;PERUBAHAN KETIGA ATAS KEPUTUSAN KEPALA DINAS KESEHATAN PROVTNSI JAWA TIMUR NOMOR OOO.3 I 362 I rO2.r I 2024 TENTANG PENUNJUKAN DAN PENGANGKATAN PEJABA;20/12/2024;Dian;NULL
100.3.3.1/33/KPTS/203.5/2025;PENUNJUKAN DAN PENGANGKATAN PEJABAT PENGELOLA BARANG MILIK DAERAH (BMD) PADA PERANGKAT DAERAH DI LINGKUNGAN PEMERINTAH PROVINSI JAWA TIMUR;02/01/2025;Dian;NULL
900/ 51451 /102.9/2024;SUSUNAN PEJABAT PENATAUSAHAAN KEUANGAN (PPKBLUD) DAN PEJABAT PELAKSANA TEKNIS KEGIATAN (PPTK) RSUD dr. SOEDONO;31/12/2024;Dian;NULL
 900/ 51356 /102.9/2024;SUSUNAN PELAKSANA ADMINISTRASI KEUANGAN DAN OPERATOR APLIKASI SISTEM INFORMASI RSUD dr. SOEDONO;31/12/2024;Dian;NULL
000.3/04/KPTS/102.1/2025;PENUNJUKAN DAN PENGANGKATAN PE.ABAT PEMBUAT KOMITMEN, PEJAIIAT PENGADAAN, DAN TIM TEKNIS PADA RUMAH SAKIT UMUM DAERAH dT. SOEDONO MADIUN;15/01/2025;Dian;NULL
 900/ 17.639 /102.9/2024;TATANAN PERHITUNGAN REMUNERASI BAGI DOKTER PADA BADAN LAYANAN UMUM DAERAH RSUD dr. SOEDONO PROVINSI JAWA TIMUR;30/04/2025;Dian;NULL
100.3.3.1/33/KPTS/203.5/2025;PENUNJUKAN DAN PENGANGKATAN PEJABAT PENGELOLA BARANG MILIK DAERAH (BMD) PADA PERANGKAT DAERAH DI LINGKUNGAN PEMERINTAH PROVINSI JAWA TIMUR;02/01/2025;Dian;NULL
400.7/ 8583 /102.9/2025;PENETAPAN JUMLAH TEMPAT TIDUR PELAYANAN RAWAT INAP RSUD dr. SOEDONO;28/02/2025;Dian;NULL
800.2/4465/102.9/2025;TIM PENCEGAHAN KECURANGAN (FRAUD) RSUD dr. SOEDONO PROVINSI JAWA TIMUR;03/02/2025;Dian;NULL
800.2/4464/102.9/2025;TIM PENGELOLA DATA PADA APLIKASI RUMAH SAKIT ONLINE (RS ONLINE) RSUD dr. SOEDONO PROVINSI JAWA TIMUR;03/02/2025;Dian;NULL
900/5600 /102.9/2025;TIM PENYUSUN RENCANA STRATEGIS BADAN LAYANAN UMUM DAERAH (RENSTRABLUD) RSUD dr. SOEDONO MADIUN TAHUN 20252029 ;10/02/2025;Dian;NULL
NOMOR 49 TAHUN 2024;PERJALANAN DINAS;31/12/2024;Dian;NULL
100.3.3.1/108/013/2025;PEDOMAN KERJA DAN PELAKSANAAN TUGAS PEMERINTAH PROVINSI JAWA TIMUR TAHUN 2025;14/02/2025;Dian;NULL
900/10.929/102.9/2025;PERUBAHAN KEEMPAT TATANAN PERHITUNGAN INSENTIF KEPALA INSTALASI, KETUA KOMITE DAN KETUA TIM KERJA;18/03/2025;Dian;NULL
NOMOR 2 TAHUN 2025;PENYESUAIAN PELAKSANAAN TUGAS KEDINASAN APARATUR SIPIL NEGARA PADA INSTANSI PEMERINTAH DAN PELAYANAN PENYELENGGARAAN PUBLIK PADA MASA LIBUR NASIONAL D;05/03/2025;Dian;NULL
900/ 17.639 /102.9/2024;TATANAN PERHITUNGAN REMUNERASI BAGI DOKTER PADA BADAN LAYANAN UMUM DAERAH RSUD dr. SOEDONO PROVINSI JAWA TIMUR;30/04/2024;Dian;NULL
 000.8.1.1/11454/102.9/2025;SUSUNAN KEPENGURUSAN KOMITE TENAGA KESEHATAN LAIN RSUD dr. SOEDONO PROVINSI JAWA TIMUR MASA BAKTI TAHUN 20252027;25/03/2025;Dian;NULL
800.2/11.026/102.9/2025;PERUBAHAN TIM PENCEGAHAN KECURANGAN (FRAUD) RSUD dr. SOEDONO PROVINSI JAWA TIMUR ;18/03/2025;Dian;NULL
000.2.4/11904 /102.9/2025;TIM PEMINDAHTANGANAN, PEMUSNAHAN DAN PENGHAPUSAN BARANG MILIK DAERAH ADA RUMAH SAKIT UMUM DAERAH dr. SOEDONO PROVINSI JAWA TIMUR;24/03/2025;Dian;NULL
400.7/13.231/102.9/2025;TIM SURVEILANS EPIDEMIOLOGI PD3I RSUD dr. SOEDONO PROVINSI JAWA TIMUR;11/02/2025;Dian;NULL
000.3/04/KPTS/102.1/2025;PENUNJUKAN DAN PENGANGKATAN PEJABAT PEMBUAT KOMITMEN, PEJABAT PENGADAAN, DAN TIM TEKNIS PADA RUMAH SAKIT UMUM DAERAH dT. SOEDONO MADIUN;02/01/2025;Dian;NULL
900/ 51451 /102.9/2024;SUSUNAN PEJABAT PENATAUSAHAAN KEUANGAN (PPKBLUD) DAN PEJABAT PELAKSANA TEKNIS KEGIATAN (PPTK) RSUD dr. SOEDONO;31/12/2024;Dian;NULL
900/ 51356 /102.9/2024;SUSUNAN PELAKSANA ADMINISTRASI KEUANGAN DAN OPERATOR APLIKASI SISTEM INFORMASI RSUD dr. SOEDONO;31/12/2024;Dian;NULL
100.3.3.1/108/013/2025;PEDOMAN KERJA DAN PELAKSANAAN TUGAS PEMERINTAH PROVINSI JAWA TIMUR TAHUN 2025;14/02/2025;Dian;NULL
900.1/13160/102.9/2025;HONORARIUM NARASUMBER RAPAT KOORDINASI PENYUSUNAN PERATURAN DIREKTUR PENGADAAN BARANG / JASA BLUD DI RSUD dr. SOEDONO PROVINSI JAWA TIMUR;10/04/2025;Dian;TU
 400.7/15691/102.9/2025;PENETAPAN JUMLAH TEMPAT TIDUR PELAYANAN RAWAT INAP RSUD dr. SOEDONO;30/04/2025;Dian;NULL
500.11.27/15.476/102.9/2025;TIM PELAKSANA KEGIATAN MEDICAL CHECKUP DAN VAKSINASI BAGI PEGAWAI DI LINGKUNGAN RSUD dr. SOEDONO PROVINSI JAWA TIMUR;29/04/2025;Dian;NULL
800/14541/102.9/2025;EFISIENSI PERJALANAN DINAS DI LINGKUNGAN RSUD dr. SOEDONO;01/05/2025;Dian;NULL
400.7.31/15.825 /102.9/2025;PEMBERLAKUAN TANDA TANGAN ELEKTRONIK UNTUK DOKUMEN REKAM MEDIS ELEKTRONIK DI LINGKUNGAN RSUD dr. SOEDONO;01/05/2025;Dian;NULL
000.8.1.1/ 20181 /102.9/2025;PENETAPAN DOKUMEN POHON KINERJA TAHUN 20252029 RSUD dr. SOEDONO MADIUN;10/06/2025;Dian;NULL
